periodo,custos,receita,liquido
2024-07,53953.24,127000,73046.76000000001
2024-08,148382.32,127000,-21382.320000000007
2024-09,136407.13,127000,-9407.130000000005
2024-10,122971.42,127000,4028.5800000000017
2024-11,220162.88999999998,127000,-93162.88999999998
2024-12,116269.09,127000,10730.910000000003
